	App	Word
0	GE	CYCLIC
1	GE	DAMAGE
2	GE	NICRMOCB
3	GE	COBALT-NICKEL
4	GE	SUPERALLOYS,
5	GE	BETA-PHASE
6	GE	PLATINUM-ALUMINIDE
7	GE	TWO-STEP
8	GE	SALT
9	GE	QUENCH
10	GE	BUCKET
11	GE	BUCKET
12	GE	BUCKET
13	GE	OXIDATION-RESISTANT
14	GE	COATINGS,
15	GE	REDUCING
16	GE	POTENTIAL
17	GE	SUSCEPTIBILITY
18	GE	PROTECTING
19	GE	ALUMINUM-ALLOY
20	GE	WEAR-RESISTANT
21	GE	COATINGS,
22	GE	RENE
23	GE	95
24	GE	INSERTS
25	GE	SEPARATELY
26	GE	THEREWITH
27	GE	RESTORATION
28	GE	SERVICED
29	GE	AIRCRAFT
30	GE	ESTABLISHING
31	GE	THROAT
32	GE	AREA
33	GE	NOZZLE,
34	GE	TECHNIQUE
35	GE	MODIFYING
36	GE	NOZZLE
37	GE	VANES
38	GE	PLATINUM-ALUMINIDE
39	GE	FABRICATED
40	GE	ANY
41	GE	ISOTHERMAL
42	GE	AIR
43	GE	REDUCED-TANTALUM
44	GE	MATTER
45	GE	THEREFROM,
46	GE	SELECTING
47	GE	REDUCED-TANTALUM
48	GE	PRECIPITATION-STRENGTHENED
49	GE	NICKEL-IRON-CHROMIUM
50	GE	ELECTRON
51	GE	BEAM
52	GE	POST-WELD
53	GE	NICKEL-BASE-ALLOY
54	GE	REDUCING
55	GE	POTENTIAL
56	GE	SUSCEPTIBILITY
57	GE	TURBULATION
58	GE	INNER
59	GE	HOLES
60	GE	OPERATIONS
61	GE	STATIONARY
62	GE	SHROUD
63	GE	QUASI-ISOTHERMAL
64	GE	DRIVE
65	GE	HEAD
66	GE	ECM
67	GE	WEAR-RESISTANT
68	GE	COATINGS,
69	GE	SINGLE-CRYSTAL
70	GE	FABRICATED
71	GE	PLATINUM-ALUMINIDE
72	GE	NICKEL-CONTAINING
73	GE	DERIVED
74	GE	THEREFORM
75	GE	REDUCING
76	GE	RESIDUAL
77	GE	STRESSES
78	GE	SUPER-SOLVUS
79	GE	SOLUTIONED
80	GE	HVOF
81	GE	LPPS
82	GE	RESTORATION
83	GE	NANOCOMPOSITE
84	GE	EROSION
85	GE	SELECTING
86	GE	REDUCED-TANTALUM
87	GE	MATTER
88	GE	NICKEL-BASE,
89	GE	COBALT-BASE,
90	GE	IRON-BASE,
91	GE	IRON-NICKEL-BASE,
92	GE	IRON-NICKEL-COBALT-BASE
93	GE	NONMETALLIC
94	GE	PRECURSOR
95	GE	COMPOUNDS
96	GE	STABILITY
97	GE	FILLER-METAL
98	GE	ROD
99	GE	MOLDING
100	GE	BETA
101	GE	GAMMA-PRIME
102	GE	STABLE,
103	GE	SINGLE-CRYSTAL
104	GE	PROTECTED
105	GE	STRONG
106	GE	LOCAL
107	GE	CONTROLLED
108	GE	PARTITIONING
109	GE	RECOATING
110	GE	DRIVE
111	GE	HEAD
112	GE	ECM
113	GE	SQUEALER
114	GE	TIP,
115	GE	TURBULATION
116	GE	INNER
117	GE	HOLES
118	GE	SPLINE
119	GE	SEAL
120	GE	TEETH
121	GE	MATED
122	GE	SPLINE
123	GE	SEAL
124	GE	TEETH
125	GE	MATED
126	GE	ROTATING
127	GE	ENGINES
128	GE	PHASE-CONTAINING
129	GE	PHASE-CONTAINING
130	GE	BI-LAYER
131	GE	CAP
132	GE	MIM
133	GE	SHROUD
134	GE	THEREFROM,
135	GE	MOLDING
136	GE	CONSOLIDATION,
137	GE	GOLD/NICKEL/COPPER
138	GE	WC-CO
139	GE	MINIMIZE
140	GE	FRETTING
141	GE	PRECIPITATION-STRENGTHENED
142	GE	NICKEL-IRON-CHROMIUM
143	GE	ENVIRONMENTALLY
144	GE	DISK
145	GE	NANOSTRUCTURED
146	GE	PLATINUM-ALUMINIDE
147	GE	PLATINUM-ALUMINIDE
148	GE	PLATINUM-ALUMINIDE
149	GE	LOCAL
150	GE	CONTROLLING
151	GE	FINAL
152	GE	SIZE
153	GE	SUPERSOLVUS
154	GE	HPT
155	GE	SHROUDS
156	GE	PREFORMS
157	GE	VARYING
158	GE	FLUENCE
159	GE	FUNCTION
160	GE	THICKNESS
161	GE	DURING
162	GE	SHOCK
163	GE	PEENING
164	GE	FILLER-METAL
165	GE	ROD
166	GE	MOLDING
167	GE	PROTECTED
168	GE	ENVIRONMENTAL
169	GE	GRADED
170	GE	FORMING;
171	GE	CARBURIZATION
172	GE	STABILIZING
173	GE	ACCORDING
174	GE	STATIONARY
175	GE	SHROUD
176	GE	BETA
177	GE	GAMMA-PRIME
178	GE	CONTROLLING
179	GE	REFINING
180	GE	FINAL
181	GE	SIZE
182	GE	SUPERSOLVUS
183	GE	ROUGHENING
184	GE	ANY
185	GE	HVOF
186	GE	LPPS
187	GE	RESTORATION
188	GE	PLATINUM-ALUMINIDE
189	GE	FORMULATIONS
190	GE	ENCAPSULATED
191	GE	STATOR
192	GE	SHAFT
193	GE	BEARINGS
194	GE	CORROSIVE
195	GE	ENVIRONMENTS
196	GE	APPLYING
197	GE	RHENIUM
198	GE	BEING
199	GE	SUBSTANTIALLY
200	GE	FREE
201	GE	RHENIUM
202	GE	ACTUATORS
203	GE	MITIGATING
204	GE	STEELS
205	GE	GRADIENT
206	GE	TIGHT
207	GE	PACKING
208	GE	UNIDIRECTIONAL-SOLIDIFICATION
209	GE	THEREFOR,
210	GE	UNIDIRECTIONALLY-SOLIDIFICATION
211	GE	LOCAL
212	GE	TBC
213	GE	MINIMIZE
214	GE	FRETTING
215	GE	CRYO-MILLED
216	GE	NANO-GRAINED
217	GE	MICROWAVE
218	GE	ASSEMBLIES
219	GE	RECOATING
220	GE	ENVIRONMENTAL
221	GE	CONTROLLING
222	GE	REFINING
223	GE	FINAL
224	GE	SIZE
225	GE	SUPERSOLVUS
226	GE	CLOSING
227	GE	OPENING
228	GE	TIPS
229	GE	OXIDATION-RESISTANT
230	GE	PLATINUM-ALUMINIDE
231	GE	WHEAT
232	GE	VARIETY
233	GE	W000350D2
234	GE	CYCLIC
235	GE	DAMAGE
236	GE	SECTION,
237	GE	PROVIDE
238	GE	EROSION
239	GE	NICKEL-CONTAINING
240	GE	DERIVED
241	GE	METALLURGICAL
242	GE	SHAPED
243	GE	WHEEL
244	GE	CAPABLE
245	GE	CARRYING
246	GE	STAGES
247	GE	COBALT-NICKEL
248	GE	SUPERALLOYS,
249	GE	VARYING
250	GE	FLUENCE
251	GE	FUNCTION
252	GE	THICKNESS
253	GE	DURING
254	GE	SHOCK
255	GE	PEENING
256	GE	NICKEL-IRON-BASE
257	GE	NICKEL-IRON-BASE
258	GE	NICRMONB
259	GE	ENCAPSULATED
260	GE	STATOR
261	GE	ENCAPSULATED
262	GE	ABRASIVE
263	GE	SINGLE-CRYSTAL
264	GE	ENCAPSULATED
265	GE	MATERIALS,
266	GE	USING,
267	GE	THEREWITH
268	GE	THEREFOR,
269	GE	REGIONS
270	GE	DIFFERENT
271	GE	CONTROLLING
272	GE	SIZE
273	GE	PRECIPITATION-STRENGTHENED
274	GE	REGIONS
275	GE	DIFFERENT
276	GE	ALUMINA-FORMING
277	GE	COBALT-NICKEL
278	GE	COBALT-NICKEL
279	GE	MAINTAINING
280	GE	SURFACE-RELATED
281	GE	COMBUSTOR
282	GE	ROUGHENING
283	GE	FILLER-METAL
284	GE	ROD
285	GE	MOLDING
286	GE	CHEMISTRY
287	GE	WELDABILITY
288	GE	NICKEL-IRON-BASE
289	GE	NICKEL-IRON-BASE
290	GE	COLD
291	GE	SPRAY
292	GE	NICKEL-COBALT-BASED
293	GE	COAT
294	GE	SECTIONED
295	GE	ROTOR,
296	GE	SECTIONED
297	GE	SECTIONED
298	GE	MULTI-MATERIAL
299	GE	ROTOR,
300	GE	MULTI-MATERIAL
301	GE	MULTI-MATERIAL
302	GE	NOZZLE
303	GE	NOZZLE
304	GE	NICKEL-CHROMIUM-MOLYBDENUM-VANADIUM
305	GE	CONTAINMENT
306	GE	VESSEL
307	GE	ENCAPSULATED
308	GE	BEAM
309	GE	USEFUL
310	GE	BRAZING,
311	GE	LOAD
312	GE	IMPROVEMENT
313	GE	DEFORMABLE
314	GE	BORE
315	GE	PLUGS
316	GE	NEAR-SURFACE
317	GE	MICROCHANNELS
318	GE	PREDICTING
319	GE	QUENCH
320	GE	DEFORMATION
321	GE	PROCESS,
322	GE	ARRANGEMENT,
323	GE	MODIFYING
324	GE	HOLES
325	GE	RECESS-SHAPED
326	GE	MODIFICATIONS
327	GE	THREE-DIMENSIONAL
328	GE	PRINTING
329	GE	PROCESS,
330	GE	SWIRLING
331	GE	MANAGEMENT
332	GE	PIECE
333	GE	AFT
334	GE	FRAME
335	GE	ASSEMBLIES
336	GE	CHANNELS
337	GE	PARTICULATE
338	GE	CONTROLLING
339	GE	SIZE
340	GE	PRECIPITATION-STRENGTHENED
341	GE	ADDITIVELY
342	GE	DIFFICULT-TO-WELD
343	GE	ELECTROCHEMICAL
344	GE	STRUCTURES,
345	GE	THEREWITH
346	GE	THEREFOR,
347	GE	LEADING
348	GE	EDGE
349	GE	STRIPS
350	GE	DIRECT
351	GE	TAPES
352	GE	TAPE
353	GE	ADDITIVELY
354	GE	FEATURES
355	GE	CHEMISTRY
356	GE	WELDABILITY
357	GE	METALLURGICAL
358	GE	ENVIRONMENTS
359	GE	BRAZEABLE
360	GE	ENCAPSULATED
361	GE	BEAM
362	GE	ROTATING
363	GE	TURBOMACHINE
364	GE	ROTATING
365	GE	CLOSING
366	GE	APERTURE
367	GE	COMPOSITION,
368	GE	PROCESS,
369	GE	FORCED
370	GE	CRACK
371	GE	LOAD
372	GE	IMPROVEMENT
373	GE	DEFORMABLE
374	GE	BOREPLUGS
375	GE	ABRADABLE
376	GE	LIP
377	GE	THREE
378	GE	COAT
379	GE	USEFUL
380	GE	BRAZING,
381	GE	ADDITIVELY
382	GE	FEATURES
383	GE	REFINEMENT
384	GE	IN706
385	GE	LAVES
386	GE	ARTICLES,
387	GE	ARTICLES,
388	GE	HETEROGENEOUS
389	GE	COMPOSITION,
390	GE	HETEROGENEOUS
391	GE	COMPOSITION,
392	GE	DIRECT
393	GE	HETEROGENEOUS
394	GE	HARD-TO-WELD
395	GE	INSERT
396	GE	PRINTED
397	GE	CORES
398	GE	STRUCTURES,
399	GE	EUTECTIC
400	GE	FIXTURE
401	GE	COUNTERACTING
402	GE	TENSILE
403	GE	ZIRCONIUM
404	GE	ADDITION
405	GE	PRE-SINTERED
406	GE	SLM
407	GE	NICKEL-IRON-COBALT
408	GE	NICKEL-IRON-COBALT
409	GE	PRE-SINTERED
410	GE	PREFORM,
411	GE	GREEN
412	GE	PREFORM,
413	GE	NUCLIDE
414	GE	BUCKET,
415	GE	BUCKET
416	GE	NANOPARTICLE
417	GE	POWDERS,
418	GE	PASTES,
419	GE	MODIFYING
420	GE	HEAD,
421	GE	COBALT-NICKEL
422	SUMITOMO	HYDROMETALLURGY
423	SUMITOMO	EVALUATION
424	SUMITOMO	TESTING
425	SUMITOMO	SPARK-PLUG
426	SUMITOMO	DEZINCIFICATION
427	SUMITOMO	PLANT,
428	SUMITOMO	DEZINCIFICATION
429	SUMITOMO	PLANT,
430	SUMITOMO	CHROMITE,
431	SUMITOMO	WET
432	SUMITOMO	SULFATE
433	SUMITOMO	EFFLUENT
434	SUMITOMO	CONCENTRATION
435	SUMITOMO	SULFUR
436	SUMITOMO	CONCENTRATION
437	SUMITOMO	STEEL,
438	SUMITOMO	BRAZE-ASSEMBLED
439	SUMITOMO	RAW
440	SUMITOMO	REFINING
441	SUMITOMO	GOOD
442	SUMITOMO	DUSTING
443	SUMITOMO	PRESSURIZED
444	SUMITOMO	PARTS,
445	SUMITOMO	PROBE
446	SUMITOMO	ELECTROCHEMICAL
447	SUMITOMO	STOCK
448	SUMITOMO	CR
449	SUMITOMO	CR
450	SUMITOMO	CONCENTRATION
451	SUMITOMO	SAPROLITE
452	SUMITOMO	2-HYDROXY-4-METHYLTHIOBUTANOIC
453	SUMITOMO	2-HYDROXY-4-METHYLTHIOBUTANOIC
454	SUMITOMO	SULFIDE
455	SUMITOMO	NICKEL-IRON-ZINC
456	SUMITOMO	MAIN
457	SUMITOMO	LAMINATED
458	SUMITOMO	CAPACITOR
459	SUMITOMO	ADHESIVELESS
460	SUMITOMO	LAMINATES
461	SUMITOMO	ALXGA(1-X)AS
462	SUMITOMO	SUBSTRATE,
463	SUMITOMO	EPITAXIAL
464	SUMITOMO	WAFER
465	SUMITOMO	INFRARED
466	SUMITOMO	LEDS,
467	SUMITOMO	INFRARED
468	SUMITOMO	LED,
469	SUMITOMO	ALXGA(1-X)AS
470	SUMITOMO	SUBSTRATE,
471	SUMITOMO	EPITAXIAL
472	SUMITOMO	WAFER
473	SUMITOMO	INFRARED
474	SUMITOMO	LEDS,
475	SUMITOMO	INFRARED
476	SUMITOMO	LEDS
477	SUMITOMO	SULFURIC
478	SUMITOMO	AQUEOUS
479	SUMITOMO	MAIN
480	SUMITOMO	LAMINATED
481	SUMITOMO	CAPACITOR
482	SUMITOMO	OPERATION
483	SUMITOMO	WET
484	SUMITOMO	CURRENT
485	SUMITOMO	COLLECTOR,
486	SUMITOMO	CURRENT
487	SUMITOMO	COLLECTOR
488	SUMITOMO	RAW
489	SUMITOMO	FERRONICKEL
490	SUMITOMO	GRADE
491	SUMITOMO	CONTAINED
492	SUMITOMO	SPENT
493	SUMITOMO	STOCK
494	SUMITOMO	LOSS
495	SUMITOMO	OXIDIZED
496	SUMITOMO	ORE,
497	SUMITOMO	SULFURATION
498	SUMITOMO	SETTLING
499	SUMITOMO	SEPARATION
500	SUMITOMO	NUETRALIZED
501	SUMITOMO	SLURRY
502	SUMITOMO	SULFATE
503	SUMITOMO	REMOVING
504	SUMITOMO	IMPURITY
505	SUMITOMO	EVALUATION
506	SUMITOMO	TESTING
507	SUMITOMO	SOLID-LIQUID-SEPARATION
508	SUMITOMO	IMPURITIES
509	SUMITOMO	ACIDIC
510	SUMITOMO	SCANDIUM
511	SUMITOMO	NEUTRALIZING
512	SUMITOMO	SULFURIC
513	SUMITOMO	ACIDIC
514	SUMITOMO	SUBSTRATE,
515	SUMITOMO	LAMINATE,
516	SUMITOMO	SUBSTRATE,
517	SUMITOMO	LAMINATE
518	SUMITOMO	PELLETS
519	SUMITOMO	IRON-NICKEL
520	SUMITOMO	PELLET
521	SUMITOMO	CHARGING
522	SUMITOMO	PELLETS
523	SUMITOMO	PELLETS
524	SUMITOMO	IRON-NICKEL
525	SUMITOMO	WET
526	SUMITOMO	SULFIDE
527	SUMITOMO	MIXED
528	SUMITOMO	SULFIDE
529	SUMITOMO	CELL,
530	SUMITOMO	FACILITY
531	SUMITOMO	IGNITION
532	SUMITOMO	PLUG,
533	SUMITOMO	IGNITION
534	SUMITOMO	CELL,
535	SUMITOMO	SOLUTIONS
536	SUMITOMO	CELL,
537	SUMITOMO	COPPER,
538	HITACHI	INDUSTRIAL
539	HITACHI	BLADE,
540	HITACHI	INDUSTRIAL
541	HITACHI	DISC,
542	HITACHI	SPACER
543	HITACHI	SEPARATION
544	HITACHI	R-T-B
545	HITACHI	PROOF
546	HITACHI	APPARATUSES
547	HITACHI	EXPANSION,
548	HITACHI	SHADOW
549	HITACHI	MASK
550	HITACHI	BRAUN
551	HITACHI	SHADOW
552	HITACHI	MASK,
553	HITACHI	LEAD
554	HITACHI	FRAME
555	HITACHI	LEAD
556	HITACHI	FRAME
557	HITACHI	SULFIDATION-CORROSION
558	HITACHI	SULFIDATION-CORROSION
559	HITACHI	CORROSION-RESISTING
560	HITACHI	WEAR-RESISTING
561	HITACHI	GENERATION
562	HITACHI	CORROSION-RESISTING
563	HITACHI	WEAR-RESISTING
564	HITACHI	OXIDATION-RESISTANCE,
565	HITACHI	WORKABILITY
566	HITACHI	CORROSION-RESISTING
567	HITACHI	WEAR-RESISTING
568	HITACHI	NOZZLE
569	HITACHI	NOZZLE
570	HITACHI	SINGLE-CRYSTAL
571	HITACHI	NI-FE
572	HITACHI	PRINTED
573	HITACHI	TAKING
574	HITACHI	ENVIRONMENTAL
575	HITACHI	CONSERVATION
576	HITACHI	INTO
577	HITACHI	CONSIDERATION
578	HITACHI	PART,
579	HITACHI	NOZZLE
580	HITACHI	NOZZLE
581	HITACHI	PERPENDICULAR
582	HITACHI	RECORD
583	HITACHI	MEDIUM
584	HITACHI	NI—FE
585	HITACHI	DUCTILITY,
586	HITACHI	SHIELDING
587	HITACHI	SHIELDING
588	HITACHI	SHIELDING
589	HITACHI	ROOM
590	HITACHI	HYDROGEN-PERMEABLE
591	HITACHI	HYDROGEN-PERMEABLE
592	HITACHI	R-T-B
593	HITACHI	LOW-THERMAL-EXPANSION
594	HITACHI	SUPER-HEAT-RESISTANT
595	HITACHI	BOILER
596	HITACHI	BOILER
597	HITACHI	BOILER
598	HITACHI	HYDROGEN-RESISTANT
599	HITACHI	WROUGHT
600	HITACHI	CASING
601	HITACHI	STATOR
602	HITACHI	DISSIMILAR
603	HITACHI	WELDS
604	HITACHI	LARGE
605	HITACHI	STATOR
606	HITACHI	EQUIPMENT
607	HITACHI	LARGE
608	HITACHI	STATOR
609	HITACHI	WIRE,
610	HITACHI	ROD
611	HITACHI	CO-BASED
612	HITACHI	PIPING
613	HITACHI	INDUSTRIAL
614	HITACHI	INDUSTRIAL
615	HITACHI	ROTOR,
616	HITACHI	STATOR
617	HITACHI	ROLLING
618	HITACHI	ROLLING
619	HITACHI	MOLDING
620	HITACHI	CYLINDER
621	HITACHI	LEAD
622	HITACHI	AMORPHOUS
623	HITACHI	RIBBON
624	HITACHI	AUSTENITE
625	HITACHI	STEEL,
626	HITACHI	AUSTENITE
627	HITACHI	SOLDER-COATED
628	HITACHI	BALL
629	HITACHI	TWO-PHASE
630	HITACHI	TWO-PHASE
631	HITACHI	PARTICLES,
632	HITACHI	POLYMER
633	HITACHI	ANISOTROPIC
634	HITACHI	SUPER-HEAT-RESISTANT
635	HITACHI	JOINED
636	HITACHI	GLASS
637	HITACHI	GLASS
638	HITACHI	HIGH-STRENGTH,
639	HITACHI	LITHIUM
640	HITACHI	ION
641	HITACHI	LITHIUM
642	HITACHI	ION
643	HITACHI	REGENERATED
644	HITACHI	MOLDING
645	HITACHI	CYLINDER
646	HITACHI	GASKET
647	HITACHI	HIGH-CHROMIUM
648	HITACHI	SUPERIOR
649	HITACHI	FORGEABILITY
650	HITACHI	REGENERATED
651	HITACHI	LEAD
652	HITACHI	COLLECTOR
653	HITACHI	EXTRUDED
654	HITACHI	EXTRUDED
655	HITACHI	EXTRUSION-MOLDING
656	HITACHI	EXTRUSION
657	HITACHI	HOT-FORGED
658	HITACHI	WIRE,
659	HITACHI	MANUFACTURING,
660	HITACHI	HIGH-STRENGTH,
661	HITACHI	BOILER
662	HITACHI	TUBE,
663	HITACHI	COMBUSTOR
664	HITACHI	LINER,
665	HITACHI	BLADE,
666	HITACHI	DISK
667	HITACHI	COMBUSTOR,
668	HITACHI	COMBUSTOR,
669	HITACHI	LINER
670	HITACHI	PIECE
671	HITACHI	LINER,
672	HITACHI	PIECE
673	HITACHI	FORGEABILITY,
674	HITACHI	HALOGEN
675	HITACHI	FORGEABILITY
676	HITACHI	LARGE
677	HITACHI	CHARACTERISTICS,
678	HITACHI	CORROSION-RESISTANCE
679	HITACHI	NICKLE-BASED
680	HITACHI	SUPERIOR
681	HITACHI	FORGEABILITY
682	HITACHI	LEAD
683	HITACHI	LEAD
684	NIPPON STEEL	SURFACE-TREATED
685	NIPPON STEEL	COMPOSITION,
686	NIPPON STEEL	IS
687	NIPPON STEEL	STOCK
688	NIPPON STEEL	HOT-DIP
689	NIPPON STEEL	SN-ZN
690	NIPPON STEEL	LIQUID-PHASE
691	NIPPON STEEL	GLASS
692	NIPPON STEEL	ABILITY
693	NIPPON STEEL	ALLOY-PLATED
694	NIPPON STEEL	HOT-DIP
695	NIPPON STEEL	SN-ZN
696	NIPPON STEEL	HEARTH
697	NIPPON STEEL	ROLL
698	NIPPON STEEL	CONTINUOUS
699	NIPPON STEEL	ANNEALING
700	NIPPON STEEL	GRAIN-ORIENTED
701	NIPPON STEEL	NUCLEAR
702	NIPPON STEEL	NON-ORIENTED
703	NIPPON STEEL	TRANSFER
704	NIPPON STEEL	GENERATOR
705	NIPPON STEEL	ELECTRON-BEAM
706	NIPPON STEEL	JOINT,
707	NIPPON STEEL	ELECTRON-BEAM
708	NIPPON STEEL	WELDING,
709	NIPPON STEEL	CHROMIUM-CONTAINING
710	NIPPON STEEL	NUCLEAR
711	NIPPON STEEL	TRANSFER
712	NIPPON STEEL	GENERATOR
713	NIPPON STEEL	DRAWING,
714	NIPPON STEEL	TREATMENT,
715	NIPPON STEEL	STRAIGHTENING
716	NIPPON STEEL	NI-FE-CR
717	NIPPON STEEL	PIERCER
718	NIPPON STEEL	THREADED
719	NIPPON STEEL	THREADED
720	NIPPON STEEL	SUBMERGED
721	NIPPON STEEL	ARC
722	NIPPON STEEL	FERRITIC
723	NIPPON STEEL	FE-NI-CR
724	NIPPON STEEL	DUSTING
725	NIPPON STEEL	PYROLYSIS
726	NIPPON STEEL	CHEMICAL
727	NIPPON STEEL	NI-CR
728	NIPPON STEEL	HIGH-ALLOY
729	NIPPON STEEL	SEAMLESS
730	NIPPON STEEL	HEAT-TREATING
731	NIPPON STEEL	PIPES
732	NIPPON STEEL	NUCLEAR
733	NIPPON STEEL	DRAWING
734	NIPPON STEEL	CAN
735	NIPPON STEEL	EXHIBITING
736	NIPPON STEEL	CR-CONTAINING
737	NIPPON STEEL	SEAMLESS
738	NIPPON STEEL	ROUND
739	NIPPON STEEL	BAR
740	NIPPON STEEL	CR-HIGH
741	NIPPON STEEL	ROUND
742	NIPPON STEEL	BILLET
743	NIPPON STEEL	NI-CONTAINING
744	NIPPON STEEL	QUALITY
745	NIPPON STEEL	HOT-DIP
746	NIPPON STEEL	PRESSWORK
747	NIPPON STEEL	LOW-TEMPERATURE
748	NIPPON STEEL	TOUGHNESS
749	NIPPON STEEL	ROLL
750	NIPPON STEEL	PIPE,
751	NIPPON STEEL	PIPE,
752	NIPPON STEEL	CR-CONTAINING
753	NIPPON STEEL	PIERCING
754	NIPPON STEEL	NI—CR
755	NIPPON STEEL	SEAMLESS
756	NIPPON STEEL	COUNTRY
757	NIPPON STEEL	TUBULAR
758	NIPPON STEEL	GOODS
759	NIPPON STEEL	FERRITIC
760	NIPPON STEEL	FERRITIC
761	NIPPON STEEL	NUCLEAR
762	SIEMENS	WIDE
763	SIEMENS	GAPS
764	SIEMENS	SUBSTANTIAL
765	SIEMENS	DEGRADATION
766	SIEMENS	INCREASED
767	SIEMENS	HIGH-TEMPERATURE-RESISTANT
768	SIEMENS	HIGH-TEMPERATURE-RESISTANT
769	SIEMENS	RHENIUM-CONTAINING
770	SIEMENS	PROTECTING
771	SIEMENS	AGAINST
772	SIEMENS	TEMPERATURES
773	SIEMENS	LOW-TEMPERATURE
774	SIEMENS	HIGH-TEMPERATURE-RESISTANT
775	SIEMENS	HIGH-TEMPERATURE-RESISTANT
776	SIEMENS	HIGH-TEMPERATURE-RESISTANT
777	SIEMENS	MCRALX
778	SIEMENS	MCRALX
779	SIEMENS	ELEMENTAL
780	SIEMENS	CRACK
781	SIEMENS	FILLER,
782	SIEMENS	COAT
783	SIEMENS	ARRANGEMENTS
784	SIEMENS	CAPABLE
785	SIEMENS	SELF
786	SIEMENS	HEALING
787	SIEMENS	DIFFERENT
788	SIEMENS	SIZES
789	SIEMENS	ADHERENT
790	SIEMENS	CHROMIA
791	SIEMENS	COMPATIBILITY
792	SIEMENS	COMPATIBILITY
793	SIEMENS	ARRANGEMENT
794	SIEMENS	PD
795	SIEMENS	PROTECTING
796	SIEMENS	AGAINST
797	SIEMENS	TEMPERTURES
798	SIEMENS	PROTECTING
799	SIEMENS	AGAINST
800	SIEMENS	TEMPERATURES
801	SIEMENS	PROTECTING
802	SIEMENS	AGAINST
803	SIEMENS	TEMPERATURES,
804	SIEMENS	TWO
805	SIEMENS	PYROCHLORE
806	SIEMENS	PHASES
807	SIEMENS	TWO-LEVEL
808	SIEMENS	PYROCHLORE
809	SIEMENS	OXIDES
810	SIEMENS	PYROCHLORE
811	SIEMENS	OXIDES
812	SIEMENS	CASTABILITY
813	SIEMENS	NICOCRAL
814	SIEMENS	OSCILLATING
815	SIEMENS	ELONGATE
816	SIEMENS	LONGITUDINAL
817	SIEMENS	GRAINS
818	SIEMENS	DIFFERENT
819	SIEMENS	WIDTHS
820	SIEMENS	NICOCRL
821	SIEMENS	DENSE
822	SIEMENS	MULTI-COMPONENT
823	SIEMENS	REMOVAL
824	SIEMENS	SHEETS
825	SIEMENS	MCRALY
826	SIEMENS	PRODUCE
827	SIEMENS	MCRALY
828	SIEMENS	HONEYCOMB
829	SIEMENS	SEAL
830	SIEMENS	PROTECTION
831	SIEMENS	IT,
832	SIEMENS	VANE
833	SIEMENS	DEPENDING
834	SIEMENS	PREFERRED
835	SIEMENS	DIRECTION
836	SIEMENS	BONDCOAT
837	SIEMENS	Y/Y'
838	SIEMENS	BONDCOAT
839	SIEMENS	Y/Y'
840	SIEMENS	TWO-LAYER
841	SIEMENS	MCRALX
842	SIEMENS	DIFFERENT
843	SIEMENS	CONTENTS
844	SIEMENS	INERTIA
845	SIEMENS	FRICTION
846	SIEMENS	POST
847	SIEMENS	PYROCHLORE
848	SIEMENS	OXIDES
849	SIEMENS	ADDITIVE,
850	SIEMENS	IMPROVING
851	SIEMENS	SLURRY
852	SIEMENS	COMPLEX
853	SIEMENS	POINT
854	SIEMENS	TILE
855	SIEMENS	BARRIERS
856	SIEMENS	HOLD
857	SIEMENS	COOL
858	SIEMENS	NI—TI—CR
859	SIEMENS	EUTECTIC
860	SIEMENS	DIRECTIONAL
861	SIEMENS	SOLIDIFICATION
862	SIEMENS	STEM-SHAPED
863	SIEMENS	CRYSTALS
864	SIEMENS	MOLD
865	SIEMENS	STABILIZED
866	SIEMENS	INNER
867	SIEMENS	CORE,
868	SIEMENS	LAYER,
869	SIEMENS	LAYER,
870	SIEMENS	BONDCOAT
871	SIEMENS	GAMMA/GAMMA'
872	SIEMENS	BONDCOAT
873	SIEMENS	GAMMA/GAMMA'
874	SIEMENS	GERMANIUM-CONTAINING
875	SIEMENS	SOLDER,
876	SIEMENS	PRE-SINTERED
877	SIEMENS	FLUX
878	SIEMENS	CORED
879	SIEMENS	FEED
880	SIEMENS	BARRIERS
881	SIEMENS	BONDCOAT
882	SIEMENS	GAMMA/GAMMA'
883	SIEMENS	BONDCOAT
884	SIEMENS	GAMMA/GAMMA'
885	SIEMENS	NICOCRALY
886	SIEMENS	DIFFERING
887	SIEMENS	THROUGH
888	SIEMENS	BOLT
889	SIEMENS	PRE-WELD
890	SIEMENS	TWO-PLY
891	SIEMENS	EUTECTIC
892	SIEMENS	SANDWICH
893	SIEMENS	ISOSTATIC
894	SIEMENS	MCRALX
895	SIEMENS	SYSTEM,
896	SIEMENS	SYSTEM,
897	SIEMENS	TURBOMACHINE
898	SIEMENS	PARTING
899	SIEMENS	JOINT,
900	SIEMENS	TURBOMACHINE
901	SIEMENS	NANOPARTICLE,
902	SIEMENS	PERMANENT
903	SIEMENS	MAGNET,
904	SIEMENS	MOTOR,
905	SIEMENS	GENERATOR
906	SIEMENS	NICOCRALY
907	SIEMENS	DIFFERING
908	SIEMENS	PRE-PROCESSING
909	SIEMENS	STABILIZE
910	SIEMENS	POINT
911	SIEMENS	BONDCOAT
912	SIEMENS	Γ/Γ'
913	SIEMENS	SLURRY
914	SIEMENS	BORON-FREE
915	SIEMENS	MANGANESE
916	SIEMENS	GERMANIUM,
917	SIEMENS	PRIOR
918	SIEMENS	REMELTING
919	SIEMENS	PRESINTERED
920	SIEMENS	TAPE
921	SIEMENS	OVER
922	SIEMENS	OPENINGS
923	SIEMENS	NI—TI—CR
924	SIEMENS	EUTECTIC
925	SIEMENS	NI-MN-CR-AL-TI-ALLOY,
926	SIEMENS	PRECIPITATION-HARDENING
927	SIEMENS	SX-NICKEL
928	SIEMENS	TMF
929	SIEMENS	PROPERTIES,
930	SIEMENS	RAW
931	SIEMENS	NICOCRALY-ALLOY,
932	SIEMENS	TITANIUM,
933	SIEMENS	TRANSIENT
934	SIEMENS	ADVANCED
935	SIEMENS	VANES
936	SIEMENS	WELDABILITY
937	SIEMENS	CRYSTAL-POWDER
938	SIEMENS	BORON
939	SIEMENS	FREE
940	SIEMENS	COMPATIBILITY
941	MITSUBISHI	OCCLUDING
942	MITSUBISHI	CATHODE
943	MITSUBISHI	FIN
944	MITSUBISHI	SUPERCONDUCTING
945	MITSUBISHI	THICK
946	MITSUBISHI	FILMS
947	MITSUBISHI	SUPERCRITICAL
948	MITSUBISHI	WATER
949	MITSUBISHI	ENVIRONMENTS
950	MITSUBISHI	INORGANIC
951	MITSUBISHI	ACIDS
952	MITSUBISHI	DISCHARGE
953	MITSUBISHI	TREATMENT,
954	MITSUBISHI	DISCHARGE
955	MITSUBISHI	DISCHARGE
956	MITSUBISHI	ELECTROPLATING
957	MITSUBISHI	FE-NI-MO
958	MITSUBISHI	FLAKY
959	MITSUBISHI	CR
960	MITSUBISHI	ROD
961	MITSUBISHI	SHIELDED
962	MITSUBISHI	ARC
963	MITSUBISHI	ELECTRICAL-DISCHARGE
964	MITSUBISHI	SURFACE-TREATMENT
965	MITSUBISHI	ELECTRICAL-DISCHARGE
966	MITSUBISHI	SURFACE-TREATMENT
967	MITSUBISHI	ELECTRICAL-DISCHARGE
968	MITSUBISHI	SURFACE-TREATMENT
969	MITSUBISHI	COMBINATION
970	MITSUBISHI	DISCHARGE
971	MITSUBISHI	TREATMENT,
972	MITSUBISHI	DISCHARGE
973	MITSUBISHI	TREATMENT,
974	MITSUBISHI	DISCHARGE
975	MITSUBISHI	ARC
976	MITSUBISHI	START
977	MITSUBISHI	ELECTROSLAG
978	MITSUBISHI	REMELTING
979	MITSUBISHI	ARC
980	MITSUBISHI	STARTING
981	MITSUBISHI	ARC
982	MITSUBISHI	START
983	MITSUBISHI	COMBUSTOR
984	MITSUBISHI	HIGH-CHROME
985	MITSUBISHI	ROTATING
986	MITSUBISHI	OXYGEN
987	MITSUBISHI	AGENT
988	MITSUBISHI	STORING
989	MITSUBISHI	CR
990	MITSUBISHI	WIRE,
991	MITSUBISHI	SHIELDED
992	MITSUBISHI	ARC
993	MITSUBISHI	ROD,
994	MITSUBISHI	SHIELDED
995	MITSUBISHI	ARC
996	MITSUBISHI	OXYGEN
997	MITSUBISHI	AGENT
998	MITSUBISHI	TIN-PLATED
999	MITSUBISHI	TERMINAL
1000	MITSUBISHI	VACUUM
1001	MITSUBISHI	OBJECT,
1002	MITSUBISHI	OBJECT,
1003	MITSUBISHI	OBJECT,
1004	MITSUBISHI	OBJECT
1005	MITSUBISHI	BLADE,
1006	MITSUBISHI	SUPERCHARGER
1007	MITSUBISHI	INSULATED
1008	UNITED TECHNOLOGIES	ABRASIVE
1009	UNITED TECHNOLOGIES	ABRASIVE
1010	UNITED TECHNOLOGIES	PREFORMS
1011	UNITED TECHNOLOGIES	DIE-CASTABLE
1012	UNITED TECHNOLOGIES	DIE-CASTABLE
1013	UNITED TECHNOLOGIES	COMPRESSOR
1014	UNITED TECHNOLOGIES	ABRADABLE
1015	UNITED TECHNOLOGIES	SEAL
1016	UNITED TECHNOLOGIES	TAILORED
1017	UNITED TECHNOLOGIES	RATIO
1018	UNITED TECHNOLOGIES	DESIRABLE
1019	UNITED TECHNOLOGIES	EROSION
1020	UNITED TECHNOLOGIES	VOLUME
1021	UNITED TECHNOLOGIES	FRACTION
1022	UNITED TECHNOLOGIES	PRECIPITATE
1023	UNITED TECHNOLOGIES	REMANUFACTURE
1024	UNITED TECHNOLOGIES	COMBUSTOR
1025	UNITED TECHNOLOGIES	LINER
1026	UNITED TECHNOLOGIES	PANELS
1027	UNITED TECHNOLOGIES	ABRASIVE
1028	UNITED TECHNOLOGIES	INTERNALLY
1029	UNITED TECHNOLOGIES	COOLED
1030	UNITED TECHNOLOGIES	SPALLATION-RESISTANT
1031	UNITED TECHNOLOGIES	TBC
1032	UNITED TECHNOLOGIES	REWORK
1033	UNITED TECHNOLOGIES	NON-FUSION
1034	UNITED TECHNOLOGIES	AIR
1035	UNITED TECHNOLOGIES	SELECTIVE
1036	UNITED TECHNOLOGIES	REMOVAL
1037	UNITED TECHNOLOGIES	JOINED
1038	UNITED TECHNOLOGIES	ASSEMBLIES
1039	UNITED TECHNOLOGIES	ADVANCED
1040	UNITED TECHNOLOGIES	RESISTANT,
1041	UNITED TECHNOLOGIES	MOLYBDENUM
1042	UNITED TECHNOLOGIES	INSPECT
1043	UNITED TECHNOLOGIES	RESTORING
1044	UNITED TECHNOLOGIES	DIMENSIONS
1045	UNITED TECHNOLOGIES	PERFORMING
1046	UNITED TECHNOLOGIES	MODULUS
1047	UNITED TECHNOLOGIES	VIBRATORY
1048	UNITED TECHNOLOGIES	OPERATION
1049	UNITED TECHNOLOGIES	INVESTMENT
1050	UNITED TECHNOLOGIES	COMBUSTOR
1051	UNITED TECHNOLOGIES	PANELS
1052	UNITED TECHNOLOGIES	CONTROLLED
1053	UNITED TECHNOLOGIES	CRYSTALLOGRAPHIC
1054	UNITED TECHNOLOGIES	ORIENTATION
1055	UNITED TECHNOLOGIES	INTEGRATED
1056	UNITED TECHNOLOGIES	CERAMIC/METALLIC
1057	UNITED TECHNOLOGIES	MULTI-COMPONENT
1058	UNITED TECHNOLOGIES	ADVANCED
1059	UNITED TECHNOLOGIES	MICROWAVE
1060	UNITED TECHNOLOGIES	CRACKS
1061	UNITED TECHNOLOGIES	TRANSIENT
1062	UNITED TECHNOLOGIES	SANDWICH
1063	UNITED TECHNOLOGIES	INTERLAYERS
1064	UNITED TECHNOLOGIES	ARTICLES,
1065	UNITED TECHNOLOGIES	INSERTS
1066	UNITED TECHNOLOGIES	RESISTANT,
1067	UNITED TECHNOLOGIES	EQUIAXED
1068	UNITED TECHNOLOGIES	TRANSIENT
1069	UNITED TECHNOLOGIES	DISSIMILAR
1070	UNITED TECHNOLOGIES	STABILIZATION
1071	UNITED TECHNOLOGIES	PREFERENTIAL
1072	UNITED TECHNOLOGIES	SUITABLE
1073	UNITED TECHNOLOGIES	BONDCOAT
1074	UNITED TECHNOLOGIES	ADVANCED
1075	UNITED TECHNOLOGIES	REPAIRS
1076	UNITED TECHNOLOGIES	WELDABILITY
1077	UNITED TECHNOLOGIES	WROUGHT
1078	UNITED TECHNOLOGIES	PREVENTING
1079	UNITED TECHNOLOGIES	FORMATION
1080	UNITED TECHNOLOGIES	CELLULAR
1081	UNITED TECHNOLOGIES	DUAL
1082	UNITED TECHNOLOGIES	CRACK
1083	UNITED TECHNOLOGIES	MODERATE
1084	UNITED TECHNOLOGIES	DENSITY,
1085	UNITED TECHNOLOGIES	DENSITY,
1086	UNITED TECHNOLOGIES	EXTREMELY
1087	UNITED TECHNOLOGIES	DENSITY
1088	UNITED TECHNOLOGIES	ZIRCONIUM
1089	UNITED TECHNOLOGIES	MODULUS
1090	UNITED TECHNOLOGIES	VIBRATORY
1091	UNITED TECHNOLOGIES	OPERATION
1092	UNITED TECHNOLOGIES	ECONOMIC
1093	UNITED TECHNOLOGIES	MACHINED
1094	UNITED TECHNOLOGIES	CYCLE
1095	UNITED TECHNOLOGIES	OXIDATION-CORROSION
1096	UNITED TECHNOLOGIES	ARTICLES,
1097	UNITED TECHNOLOGIES	LOWER
1098	UNITED TECHNOLOGIES	COST
1099	UNITED TECHNOLOGIES	REDUCED
1100	UNITED TECHNOLOGIES	RE
1101	UNITED TECHNOLOGIES	RU
1102	UNITED TECHNOLOGIES	MODERATE
1103	UNITED TECHNOLOGIES	DENSITY,
1104	UNITED TECHNOLOGIES	DENSITY,
1105	UNITED TECHNOLOGIES	EXTREMELY
1106	UNITED TECHNOLOGIES	DENSITY
1107	UNITED TECHNOLOGIES	SULFUR
1108	UNITED TECHNOLOGIES	MULTI-LAYER
1109	UNITED TECHNOLOGIES	TBC
1110	UNITED TECHNOLOGIES	LIMITING
1111	UNITED TECHNOLOGIES	RECRYSTALLIZATION
1112	UNITED TECHNOLOGIES	TOOLING
1113	UNITED TECHNOLOGIES	UNIFORM
1114	UNITED TECHNOLOGIES	REFINEMENT
1115	UNITED TECHNOLOGIES	EXTRA
1116	UNITED TECHNOLOGIES	SULFUR
1117	UNITED TECHNOLOGIES	COMPATIBILITY
1118	UNITED TECHNOLOGIES	ARTICLES,
1119	UNITED TECHNOLOGIES	ARTICLES,
1120	UNITED TECHNOLOGIES	MACHINED
1121	UNITED TECHNOLOGIES	CYCLE
1122	UNITED TECHNOLOGIES	ELASTIC
1123	UNITED TECHNOLOGIES	MODULUS
1124	UNITED TECHNOLOGIES	SHAFTS
1125	UNITED TECHNOLOGIES	POST-PEEN
1126	UNITED TECHNOLOGIES	GRINDING
1127	UNITED TECHNOLOGIES	DISK
1128	UNITED TECHNOLOGIES	ARCHITECTURE
1129	UNITED TECHNOLOGIES	ECONOMIC
1130	UNITED TECHNOLOGIES	SULFUR
1131	UNITED TECHNOLOGIES	TOOLING
1132	UNITED TECHNOLOGIES	REPAIRS
1133	UNITED TECHNOLOGIES	ARCHITECTURE
1134	UNITED TECHNOLOGIES	RE-MELT
1135	UNITED TECHNOLOGIES	ARCUATE
1136	UNITED TECHNOLOGIES	REWORK
1137	UNITED TECHNOLOGIES	NON-FUSION
1138	UNITED TECHNOLOGIES	REWORK
1139	UNITED TECHNOLOGIES	NON-FUSION
1140	UNITED TECHNOLOGIES	CRYSTALLOGRAPHIC
1141	UNITED TECHNOLOGIES	TEXTURE
1142	UNITED TECHNOLOGIES	CONTROLLED
1143	UNITED TECHNOLOGIES	MICROSTRUCTURE
1144	UNITED TECHNOLOGIES	ELECTRON
1145	UNITED TECHNOLOGIES	BEAM
1146	UNITED TECHNOLOGIES	ELECTRODEPOSITED
1147	UNITED TECHNOLOGIES	ELECTROFORMED
1148	UNITED TECHNOLOGIES	SOLID-STATE
1149	UNITED TECHNOLOGIES	OUTER
1150	UNITED TECHNOLOGIES	AIRSEAL
1151	UNITED TECHNOLOGIES	ABRADABLE
1152	UNITED TECHNOLOGIES	RUB
1153	UNITED TECHNOLOGIES	2
1154	UNITED TECHNOLOGIES	PLY
1155	UNITED TECHNOLOGIES	W-SEAL
1156	UNITED TECHNOLOGIES	DISSIMILAR
1157	UNITED TECHNOLOGIES	METALLURGICAL
1158	UNITED TECHNOLOGIES	EXTRA
1159	UNITED TECHNOLOGIES	SULFUR
1160	UNITED TECHNOLOGIES	RE-MELT
1161	UNITED TECHNOLOGIES	RE-MELT
1162	UNITED TECHNOLOGIES	FORMABLE
1163	UNITED TECHNOLOGIES	ELASTIC
1164	UNITED TECHNOLOGIES	MODULUS
1165	UNITED TECHNOLOGIES	SHAFTS
1166	UNITED TECHNOLOGIES	RELIEF
1167	UNITED TECHNOLOGIES	SOLID-STATE
1168	UNITED TECHNOLOGIES	SHOT
1169	UNITED TECHNOLOGIES	SLEEVE
1170	UNITED TECHNOLOGIES	SOLID-STATE
1171	UNITED TECHNOLOGIES	COARSE
1172	UNITED TECHNOLOGIES	YIELD
1173	UNITED TECHNOLOGIES	AUGMENTED
1174	UNITED TECHNOLOGIES	ARCHITECTURE
1175	UNITED TECHNOLOGIES	ARCUATE
1176	UNITED TECHNOLOGIES	VOLUME
1177	UNITED TECHNOLOGIES	FRACTION
1178	UNITED TECHNOLOGIES	PRECIPITATE
1179	UNITED TECHNOLOGIES	REWORK
1180	UNITED TECHNOLOGIES	NON-FUSION
1181	UNITED TECHNOLOGIES	ELECTROFORMED
1182	UNITED TECHNOLOGIES	COUNTERGRAVITY
1183	UNITED TECHNOLOGIES	DESULFURIZATION
1184	UNITED TECHNOLOGIES	COMBUSTOR
1185	UNITED TECHNOLOGIES	VANE
1186	TOSHIBA	REGENERATING
1187	TOSHIBA	STATOR
1188	TOSHIBA	VANE
1189	TOSHIBA	MAGNETO-RESISTANCE
1190	TOSHIBA	EFFECT
1191	TOSHIBA	GENERATION
1192	TOSHIBA	LOW-PRESSURE
1193	TOSHIBA	ALKALI
1194	TOSHIBA	FIBER,
1195	TOSHIBA	FIBER,
1196	TOSHIBA	INFORMATION
1197	TOSHIBA	FIBER
1198	TOSHIBA	CAR
1199	TOSHIBA	ELECTROMOBILE
1200	TOSHIBA	SINGLE-CRYSTAL
1201	TOSHIBA	SUPERALLOYS,
1202	TOSHIBA	FIBER,
1203	TOSHIBA	FIBER,
1204	TOSHIBA	INFORMATION
1205	TOSHIBA	FIBER
1206	TOSHIBA	FIBER,
1207	TOSHIBA	FIBER,
1208	TOSHIBA	INFORMATION
1209	TOSHIBA	FIBER
1210	TOSHIBA	CUTTER
1211	TOSHIBA	COMPOSED
1212	TOSHIBA	NI-CR
1213	TOSHIBA	MAGNETORESISTIVE
1214	TOSHIBA	EFFECT
1215	TOSHIBA	ELEMENT,
1216	TOSHIBA	HEAD,
1217	TOSHIBA	REPRODUCING
1218	TOSHIBA	HARDNESS,
1219	TOSHIBA	OCCLUSIVE
1220	TOSHIBA	TANK
1221	TOSHIBA	SEPARATION
1222	TOSHIBA	MEMBRANE,
1223	TOSHIBA	TANK,
1224	TOSHIBA	ABSORPTION
1225	TOSHIBA	DESORPTION
1226	TOSHIBA	STAMPER
1227	TOSHIBA	CUTTER
1228	TOSHIBA	COMPOSED
1229	TOSHIBA	NI-CR-AL
1230	TOSHIBA	MELT
1231	TOSHIBA	SUPPLY
1232	TOSHIBA	HIGH-FREQUENCY
1233	TOSHIBA	CORE-SHELL
1234	TOSHIBA	CORE-SHELL
1235	TOSHIBA	DEVICE,
1236	TOSHIBA	ANTENNA
1237	TOSHIBA	STREAM
1238	TOSHIBA	FORGEABILITY
1239	TOSHIBA	WELDABILITY,
1240	TOSHIBA	TURBINE,
1241	TOSHIBA	STATOR
1242	TOSHIBA	TURBINE,
1243	TOSHIBA	SCREW
1244	TOSHIBA	TURBINE,
1245	TOSHIBA	CASTABILITY
1246	TOSHIBA	WELDABILITY,
1247	TOSHIBA	CASING
1248	TOSHIBA	TURBINE,VALVE
1249	TOSHIBA	CASING
1250	TOSHIBA	TURBINE,
1251	TOSHIBA	NOZZLE
1252	TOSHIBA	BOX
1253	TOSHIBA	TURBINE,
1254	TOSHIBA	MAGNETO-RESISTANCE
1255	TOSHIBA	EFFECT
1256	TOSHIBA	ROLLING
1257	TOSHIBA	HARDNESS,
1258	TOSHIBA	JET
1259	TOSHIBA	PUMP
1260	TOSHIBA	BEAM
1261	TOSHIBA	MAGNETO-RESISTANCE
1262	TOSHIBA	EFFECT
1263	TOSHIBA	DAMAGE-REPAIRING
1264	TOSHIBA	PIECE
1265	TOSHIBA	PIECE
1266	TOSHIBA	INDUCTOR
1267	TOSHIBA	INDUCTOR
1268	TOSHIBA	WEAR-RESISTANT
1269	TOSHIBA	CONVERSION
1270	TOSHIBA	CONVERSION
1271	TOSHIBA	CONVERSION
1272	TOSHIBA	CONVERSION
1273	JXTG GROUP	MASTER
1274	JXTG GROUP	SINTERING
1275	JXTG GROUP	SHADOW
1276	JXTG GROUP	MASK
1277	JXTG GROUP	BLANK
1278	JXTG GROUP	ETCH
1279	JXTG GROUP	PERFORATION
1280	JXTG GROUP	PURITY
1281	JXTG GROUP	NICKLE,
1282	JXTG GROUP	PURITY
1283	JXTG GROUP	NICKLE,
1284	JXTG GROUP	PURITY
1285	JXTG GROUP	SPATTERING
1286	JXTG GROUP	NI-PT
1287	JXTG GROUP	SEPARATION
1288	JXTG GROUP	MEMBRANE,
1289	JXTG GROUP	SEPARATION
1290	JXTG GROUP	MEMBRANE,
1291	JXTG GROUP	PURITY
1292	JXTG GROUP	PURITY
1293	JXTG GROUP	PURITY
1294	JXTG GROUP	LITHIUM
1295	JXTG GROUP	NI-PT
1296	JXTG GROUP	SILICIDE
1297	JXTG GROUP	SEPARATOR
1298	JXTG GROUP	SEPARATOR
1299	JXTG GROUP	STACK,
1300	JXTG GROUP	SEPARATOR
1301	JXTG GROUP	SILICIDE
1302	JXTG GROUP	TARGET-BACKING
1303	JXTG GROUP	ASSEMBLY,
1304	JXTG GROUP	TARGET,
1305	JXTG GROUP	SILICIDE
1306	JXTG GROUP	LAYER,
1307	JXTG GROUP	COMPONENTS,
1308	JXTG GROUP	CONNECTOR
1309	JXTG GROUP	TERMINALS,
1310	JXTG GROUP	CONNECTORS
1311	JXTG GROUP	CONNECTOR
1312	JXTG GROUP	TERMINALS,
1313	JXTG GROUP	CONNECTORS
1314	JXTG GROUP	CONNECTOR
1315	JXTG GROUP	TERMINALS,
1316	JXTG GROUP	CONNECTORS
1317	JXTG GROUP	ELECTROMAGNETIC
1318	JXTG GROUP	SHIELDING,
1319	JXTG GROUP	ELECTROMAGNETIC
1320	JXTG GROUP	SHIELDING
1321	JXTG GROUP	SHIELDING
1322	JXTG GROUP	CABLE
1323	JXTG GROUP	SURFACE-TREATED
1324	JXTG GROUP	CARRIER,
1325	JXTG GROUP	CONNECTOR,
1326	JXTG GROUP	TERMINAL,
1327	JXTG GROUP	LAMINATE,
1328	JXTG GROUP	SHIELDING
1329	JXTG GROUP	TAPE,
1330	JXTG GROUP	SHIELDING
1331	JXTG GROUP	PRINTED
1332	JXTG GROUP	WIRING
1333	JXTG GROUP	BOARD,
1334	JXTG GROUP	PROCESSED
1335	JXTG GROUP	DEVICE,
1336	JXTG GROUP	PRINTED
1337	JXTG GROUP	WIRING
1338	JXTG GROUP	NI—P
1339	JXTG GROUP	NI—PT—P
1340	NGK SPARK PLUG	PLUG,
1341	NGK SPARK PLUG	PLUG,
1342	NGK SPARK PLUG	IMPEDING
1343	NGK SPARK PLUG	GLOW
1344	NGK SPARK PLUG	NI-FE-CO
1345	NGK SPARK PLUG	RESISTOR
1346	NGK SPARK PLUG	DURABILITY
1347	NGK SPARK PLUG	INTERNAL-COMBUSTION
1348	NGK SPARK PLUG	ENGINES
1349	NGK SPARK PLUG	CENTER
1350	NGK SPARK PLUG	GROUND
1351	NGK SPARK PLUG	PROVIDED
1352	NGK SPARK PLUG	NO
1353	NGK SPARK PLUG	NOBLE
1354	NGK SPARK PLUG	GROUND
1355	NGK SPARK PLUG	SPECIFIC
1356	NGK SPARK PLUG	NOBLE
1357	NGK SPARK PLUG	IS
1358	NGK SPARK PLUG	JOINED
1359	NGK SPARK PLUG	PLASMA
1360	NGK SPARK PLUG	JET
1361	NGK SPARK PLUG	IGNITION
1362	NGK SPARK PLUG	SPECIFIC
1363	NGK SPARK PLUG	RATIO
1364	CAS	FE-NI-P-RE
1365	CAS	MULTICOMPONENT
1366	CAS	LAYER,
1367	CAS	ELECTRODEPOSITION
1368	CAS	PHASE-TRANSFORMATION
1369	CAS	ISOSTATIC
1370	CAS	PRESSING
1371	ATI PROPERTIES	COBALT-NICKEL-CHROMIUM-MOLYBDENUM
1372	ATI PROPERTIES	REDUCED
1373	ATI PROPERTIES	LEVEL
1374	ATI PROPERTIES	NITRIDE
1375	ATI PROPERTIES	INCLUSIONS
1376	ATI PROPERTIES	REFINING
1377	ATI PROPERTIES	LARGE
1378	ATI PROPERTIES	DIAMETER
1379	ATI PROPERTIES	INGOTS
1380	ATI PROPERTIES	STEELS
1381	ATI PROPERTIES	LARGE
1382	ATI PROPERTIES	DIAMETER
1383	ATI PROPERTIES	INGOTS
1384	ATI PROPERTIES	REFINING
1385	ATI PROPERTIES	DIRECT
1386	ATI PROPERTIES	AGING
1387	ATI PROPERTIES	REFINING
1388	ATI PROPERTIES	INGOTS
1389	ATI PROPERTIES	MODIFYING
1390	ATI PROPERTIES	WORKABILITY
1391	ATI PROPERTIES	VIA
1392	ATI PROPERTIES	THERMO-MECHANICAL
1393	ATI PROPERTIES	PROCESSES,
1394	ATI PROPERTIES	SYSTEMS,
1395	ATI PROPERTIES	ATOMIZED
1396	ATI PROPERTIES	TREATMENTS,
1397	ATI PROPERTIES	ENDPLATE
1398	ATI PROPERTIES	ISOSTATIC
1399	ATI PROPERTIES	PRESSING
1400	ATI PROPERTIES	CANISTER,
1401	ATI PROPERTIES	ISOSTATIC
1402	ATI PROPERTIES	PRESSING
1403	ATI PROPERTIES	CANISTER,
1404	ATI PROPERTIES	ISOSTATIC
1405	ATI PROPERTIES	PRESSING
1406	ATI PROPERTIES	GUN
1407	ATI PROPERTIES	BARREL
1408	ATI PROPERTIES	OUTER
1409	ATI PROPERTIES	SLEEVE
1410	ATI PROPERTIES	DAMPEN
1411	ATI PROPERTIES	FIRING
1412	ATI PROPERTIES	VIBRATIONS
1413	ATI PROPERTIES	INGOTS
1414	ATI PROPERTIES	ARTICLES,
1415	ATI PROPERTIES	SYSTEMS,
1416	ATI PROPERTIES	THERMO-MECHANICAL
1417	ATI PROPERTIES	SPLIT-PASS
1418	ATI PROPERTIES	OPEN-DIE
1419	ATI PROPERTIES	HARD-TO-FORGE,
1420	ATI PROPERTIES	STRAIN-PATH
1421	ATI PROPERTIES	SENSITIVE
1422	ATI PROPERTIES	TITANIUM-BASE
1423	ATI PROPERTIES	THERMO-MECHANICAL
1424	ATI PROPERTIES	PROCESSES,
1425	ATI PROPERTIES	SYSTEMS,
1426	ATI PROPERTIES	ATOMIZED
1427	ATI PROPERTIES	INGOTS
1428	ATI PROPERTIES	WORKABILITY
1429	ATI PROPERTIES	VIA
1430	ATI PROPERTIES	GUN
1431	ATI PROPERTIES	BARREL
1432	ATI PROPERTIES	OUTER
1433	ATI PROPERTIES	SLEEVE
1434	ATI PROPERTIES	DAMPEN
1435	ATI PROPERTIES	FIRING
1436	ATI PROPERTIES	VIBRATIONS
1437	ATI PROPERTIES	APPARATUSES
1438	ATI PROPERTIES	FLOWFORMING
1439	ATI PROPERTIES	REFINING
1440	ATI PROPERTIES	ENDPLATE
1441	ATI PROPERTIES	ISOSTATIC
1442	ATI PROPERTIES	PRESSING
1443	ATI PROPERTIES	CANISTER,
1444	ATI PROPERTIES	ISOSTATIC
1445	ATI PROPERTIES	PRESSING
1446	ATI PROPERTIES	CANISTER,
1447	ATI PROPERTIES	ISOSTATIC
1448	ATI PROPERTIES	PRESSING
1449	ATI PROPERTIES	THERMO-MECHANICAL
1450	ATI PROPERTIES	ARTICLES,
1451	ATI PROPERTIES	SYSTEMS,
1452	ATI PROPERTIES	APPARATUSES
1453	PANASONIC	NON-AQUEOUS
1454	PANASONIC	NON-AQUEOUS
1455	PANASONIC	NICKEL-HYDROGEN
1456	PANASONIC	NICKEL-HYDROGEN
1457	PANASONIC	NON-AQUEOUS
1458	PANASONIC	ABSORPTION
1459	PANASONIC	ABSORPTION
1460	PANASONIC	THEREOF,
1461	PANASONIC	DUST
1462	PANASONIC	DUST
1463	PANASONIC	PARTICLES,
1464	PANASONIC	BURIED-COIL
1465	PANASONIC	ELECTRODES,
1466	PANASONIC	ELECTRODES,
1467	PANASONIC	ELECTRODES,
1468	PANASONIC	NICKEL-HYDROGEN
1469	PANASONIC	NICKEL-HYDROGEN
1470	PANASONIC	ELECTRODES,
1471	PANASONIC	CONVERSION
1472	JFE	SEPARATOR
1473	JFE	SEPARATOR
1474	JFE	PHOSPHATE-TREATED
1475	JFE	GALVANIZED
1476	JFE	ADJUSTING
1477	JFE	ROUGHNESS
1478	JFE	PHOSHATE-TREATED
1479	JFE	GALVANIZED
1480	JFE	PRESSING
1481	JFE	HOT-PRESSED
1482	JFE	PRESSING
1483	JFE	WARM
1484	JFE	PRESSED-FORMED
1485	JFE	MEMBERS
1486	JFE	HIGH-TOUGHNESS
1487	JFE	TOUGHNESS
1488	JFE	PRESS-FORMING,
1489	JFE	PRESS-FORMED
1490	JFE	PART,
1491	JFE	PRESS-FORMED
1492	JFE	HOT-PRESSED
1493	JFE	PRESS-FORMING
1494	JFE	HOT-PRESSED
1495	JFE	SEPARATORS
1496	JFE	POLYMER
1497	JFE	FRICTION
1498	JFE	BRAKE
1499	JFE	ROASTING
1500	JFE	LEAST
1501	JFE	V,
1502	JFE	MO
1503	JFE	KILN
1504	JFE	ROASTING
1505	JFE	NI-FE
1506	CENTRAL SOUTH UNIV	ELIMINATING
1507	CENTRAL SOUTH UNIV	HOLLOW
1508	CENTRAL SOUTH UNIV	DEFECT
1509	CENTRAL SOUTH UNIV	ATOMIZED
1510	CENTRAL SOUTH UNIV	COMPREHENSIVE
1511	CENTRAL SOUTH UNIV	UTILIZATION
1512	CENTRAL SOUTH UNIV	COPPER-NICKEL
1513	CENTRAL SOUTH UNIV	SULFIDE
1514	ROLLS-ROYCE	MOULDING
1515	ROLLS-ROYCE	PARTS,
1516	ROLLS-ROYCE	MOULDING
1517	ROLLS-ROYCE	AIRCRAFT
1518	ROLLS-ROYCE	SEED
1519	ROLLS-ROYCE	CARBURIZING
1520	ROLLS-ROYCE	MATTER
1521	ROLLS-ROYCE	CARBURIZING
1522	ROLLS-ROYCE	EUTECTIC
1523	ROLLS-ROYCE	CARBURIZING
1524	ROLLS-ROYCE	STRUCTURE,
1525	ROLLS-ROYCE	COARSE
1526	ROLLS-ROYCE	TRANSITIONAL
1527	ROLLS-ROYCE	IMPROVING
1528	ROLLS-ROYCE	MOULD
1529	ROLLS-ROYCE	ISOSTATIC
1530	ROLLS-ROYCE	PRESSING
1531	ROLLS-ROYCE	CARBURIZING
1532	ROLLS-ROYCE	ADVANCED
1533	ROLLS-ROYCE	COAT
1534	ROLLS-ROYCE	NIOBIUM-BEARING
1535	ROLLS-ROYCE	NIOBIUM-BEARING
1536	ROLLS-ROYCE	TESTING
1537	ROLLS-ROYCE	PRE-SINTERED
1538	ROLLS-ROYCE	ABRASIVE
1539	ROLLS-ROYCE	CRACK
1540	ROLLS-ROYCE	COMPOSITION,
1541	ROLLS-ROYCE	LOADS,
1542	ROLLS-ROYCE	PRODUCIBLE
1543	ROLLS-ROYCE	THIS
1544	ROLLS-ROYCE	AIRCRAFT
1545	ROLLS-ROYCE	PROVIDED
1546	TDK	RARE-EARTH
1547	TDK	MAGNET,
1548	TDK	BATH
1549	TDK	MAGNETOSTRICTIVE
1550	TDK	COMPACT,
1551	TDK	INDUCTANCE
1552	TDK	LEAD-FREE
1553	TDK	BUILT-IN
1554	TDK	LEAD-FREE
1555	TDK	BUILT-IN
1556	TDK	PB-FREE
1557	TDK	BUILT-IN
1558	TDK	POWDER-COMPACT
1559	TDK	REACTOR
1560	TDK	ELECTROLYSIS
1561	TDK	STRUCTURE,
1562	TDK	MODULE,
1563	TDK	UNIT,
1564	TDK	UNIT
1565	TDK	DUST
1566	TDK	CORE,
1567	TDK	DUST
1568	TDK	CORE,
1569	TDK	DUST
1570	TDK	CORE,
1571	TDK	DUST
1572	TDK	INDUCTOR
1573	NATIONAL INSTITUTE FOR MATERIALS SCIENCE	DASH
1574	NATIONAL INSTITUTE FOR MATERIALS SCIENCE	PLATINUM
1575	NATIONAL INSTITUTE FOR MATERIALS SCIENCE	GROUP
1576	NATIONAL INSTITUTE FOR MATERIALS SCIENCE	ELEMENT-ADDED
1577	NATIONAL INSTITUTE FOR MATERIALS SCIENCE	DESIGNING
1578	NATIONAL INSTITUTE FOR MATERIALS SCIENCE	SUPPORT
1579	NATIONAL INSTITUTE FOR MATERIALS SCIENCE	PROGRAM
1580	NATIONAL INSTITUTE FOR MATERIALS SCIENCE	DASH
1581	NATIONAL INSTITUTE FOR MATERIALS SCIENCE	PLANTINUM
1582	NATIONAL INSTITUTE FOR MATERIALS SCIENCE	GROUP
1583	NATIONAL INSTITUTE FOR MATERIALS SCIENCE	ELEMENT-ADDED
1584	NATIONAL INSTITUTE FOR MATERIALS SCIENCE	DESIGNING
1585	NATIONAL INSTITUTE FOR MATERIALS SCIENCE	SUPPORT
1586	NATIONAL INSTITUTE FOR MATERIALS SCIENCE	COBALT-FREE
1587	NATIONAL INSTITUTE FOR MATERIALS SCIENCE	VANE
1588	NATIONAL INSTITUTE FOR MATERIALS SCIENCE	COLLOID
1589	NATIONAL INSTITUTE FOR MATERIALS SCIENCE	OBTAINED
1590	NATIONAL INSTITUTE FOR MATERIALS SCIENCE	OBJECT
1591	NATIONAL INSTITUTE FOR MATERIALS SCIENCE	RANEY
1592	NATIONAL INSTITUTE FOR MATERIALS SCIENCE	METAL,
1593	NATIONAL INSTITUTE FOR MATERIALS SCIENCE	OXIDATION-RESISTANT
1594	NATIONAL INSTITUTE FOR MATERIALS SCIENCE	CHARACTERISTICS
1595	NATIONAL INSTITUTE FOR MATERIALS SCIENCE	COAT
1596	NATIONAL INSTITUTE FOR MATERIALS SCIENCE	THEREIN
1597	NATIONAL INSTITUTE FOR MATERIALS SCIENCE	DISPERSION-STRENGTHENED
1598	NATIONAL INSTITUTE FOR MATERIALS SCIENCE	RECYCLING
1599	NATIONAL INSTITUTE FOR MATERIALS SCIENCE	NICKEL-CHROMIUM-IRON-BASED
1600	KOBE STEEL	ANTIBACTERIAL
1601	KOBE STEEL	ANTIMOLD
1602	KOBE STEEL	ANTIALGAE
1603	KOBE STEEL	EFFECTS
1604	KOBE STEEL	INDUCTION
1605	KOBE STEEL	HALIDE
1606	KOBE STEEL	CRUCIBLE,
1607	KOBE STEEL	CRUCIBLE,
1608	KOBE STEEL	INDUCTION
1609	KOBE STEEL	MELTING,
1610	KOBE STEEL	INGOT
1611	KOBE STEEL	ULTRAHIGH-PURITY
1612	KOBE STEEL	FE-,
1613	KOBE STEEL	NI-,
1614	KOBE STEEL	CO-BASED
1615	KOBE STEEL	FLUX-CORED
1616	KOBE STEEL	FLUX-CORED
1617	KOBE STEEL	ARC
1618	KOBE STEEL	COVERED
1619	KOBE STEEL	METAL,
1620	KOBE STEEL	PRECIPITATION-STRENGTHENED
1621	KOBE STEEL	FLUX
1622	KOBE STEEL	CORED
1623	KOBE STEEL	FLUX-CORED
1624	KOBE STEEL	BUILD-UP
1625	KOBE STEEL	FLUX-CORED
1626	KOBE STEEL	SUBMERGED
1627	KOBE STEEL	ARC
1628	HONEYWELL	DUAL
1629	HONEYWELL	MICROSTRUCTURE
1630	HONEYWELL	IMPELLER
1631	HONEYWELL	AIRFOILS
1632	HONEYWELL	PLATINUM-MODIFIED
1633	HONEYWELL	SUPERALLOYS,
1634	HONEYWELL	COMPONENTS,
1635	HONEYWELL	DUAL
1636	HONEYWELL	MICROSTRUCTURE
1637	HONEYWELL	SUPERALLOYS,
1638	HONEYWELL	BLADES,
1639	HONEYWELL	IMPROVING
1640	HONEYWELL	COMPONENTS,
1641	HONEYWELL	SUPERALLOYS,
1642	HONEYWELL	COMPONENTS,
1643	HONEYWELL	AMORPHOUS
1644	HONEYWELL	COPPER-NICKEL-SILICON
1645	HONEYWELL	TWO
1646	HONEYWELL	QUENCH
1647	HONEYWELL	MIXTURE
1648	HONEYWELL	HEALING
1649	HONEYWELL	PURITY
1650	HONEYWELL	NICKEL/VANADIUM
1651	HONEYWELL	COMPONENTS;
1652	HONEYWELL	BIMETALLIC
1653	HONEYWELL	PLATE-FIN
1654	HONEYWELL	MCRALY
1655	HONEYWELL	TIPS
1656	HONEYWELL	DURABILITY
1657	HONEYWELL	TITANIUM-NICKEL
1658	HONEYWELL	APPLYING
1659	HONEYWELL	ENVIRONMENTAL-RESISTANT
1660	HONEYWELL	MCRALY
1661	HONEYWELL	REFURBISHMENT
1662	HONEYWELL	DOPED
1663	HONEYWELL	INTERCONNECTS,
1664	HONEYWELL	USES
1665	HONEYWELL	NICKEL/VANADIUM
1666	HONEYWELL	ACTIVATED
1667	HONEYWELL	COATINGS,
1668	HONEYWELL	COMPONENTS,
1669	HONEYWELL	WHEEL
1670	HONEYWELL	WHEEL
1671	HONEYWELL	SHAFT
1672	HONEYWELL	FORMS
1673	HONEYWELL	MORE
1674	HONEYWELL	EXTREMELY
1675	HONEYWELL	NON-EQUILIBRIUM
1676	HONEYWELL	COLD
1677	HONEYWELL	SPRAY
1678	HONEYWELL	FEEDSTOCK
1679	HONEYWELL	POWDERS,
1680	HONEYWELL	ADDITIVELY
1681	HONEYWELL	VIA
1682	HONEYWELL	BINDER
1683	HONEYWELL	JET
1684	HONEYWELL	PRINTING
1685	HONEYWELL	NICKEL-CHROMIUM-TUNGSTEN-MOLYBDENUM
1686	HONEYWELL	ADDITIVELY
1687	HONEYWELL	VIA
1688	HONEYWELL	BINDER
1689	HONEYWELL	JET
1690	HONEYWELL	PRINTING
1691	HONEYWELL	ABRASIVE
1692	POSCO	ROLL
1693	POSCO	TWIN
1694	POSCO	ROLL
1695	POSCO	CASTER
1696	POSCO	FE—NI
1697	POSCO	RESILIENCE
1698	POSCO	FE-NI-P
1699	POSCO	MULTI-LAYER
1700	IHI	COMPOSITION,
1701	IHI	BRAZE-REPAIR
1702	IHI	DISCHARGE
1703	IHI	NI—BASED
1704	IHI	BARRIER-COATED
1705	IHI	NUCLEAR
1706	IHI	FACILITY
1707	SANDVIK	SEAL
1708	SANDVIK	RINGS
1709	SANDVIK	POTABLE
1710	SANDVIK	WATER
1711	SANDVIK	FE-CR-NI
1712	SANDVIK	PEROVSKITE
1713	SANDVIK	SPINEL
1714	SANDVIK	CONTACTS
1715	SANDVIK	PRODUCT,
1716	SANDVIK	SPRING,
1717	SANDVIK	LOAD-BEARING
1718	SANDVIK	LAGER
1719	SANDVIK	NI-CR-FE
1720	SANDVIK	FE-CR-NI
1721	SANDVIK	ALUMINIUM
1722	SANDVIK	NI—CR—FE
1723	SANDVIK	CEMENTED
1724	SANDVIK	CARBIDE
1725	SANDVIK	PEROVSKITE
1726	SANDVIK	SPINEL
1727	SANDVIK	CONTACTS
1728	SANDVIK	PROVIDED
1729	SANDVIK	HIP
1730	SANDVIK	CONSOLIDATED
1731	SANDVIK	HIP:ED
1732	SANDVIK	ALUMINIUM
1733	SANDVIK	FE-CR-NI
1734	SANDVIK	NOZZLE
1735	SANDVIK	BLANK
1736	SANDVIK	IS
1737	SANDVIK	POSSIBLE
1738	SANDVIK	PICKLE
1739	SANDVIK	DECOMPOSITION
1740	SANDVIK	PROVIDED
1741	SANDVIK	ARRANGEMENT,
1742	SANDVIK	ARRANGMENT
1743	SANDVIK	PROVIDED
1744	SANDVIK	ARRANGEMENT
1745	SANDVIK	FE—CR—NI
1746	SANDVIK	OBJECT
1747	SANDVIK	PRE-OXIDIZED
